{"menu_id":"P3DUnlocker","parent_menu_id":"blt_options","title":"P3DUnlocker_Config","back_callback":"settings_save","items":[{"type":"multiple_choice","id":"save_and_reload_btn","title":"","items":["save_and_reload"],"value":"save_and_reload_btn","default_value":false},{"type":"divider","size":5},{"type":"button","id":"save_and_reload","title":"save_and_reload","callback":"save_and_reload"},{"type":"divider","size":25},{"type":"multiple_choice","id":"p3d_loc","title":"","items":["p3d_loc"],"value":"p3d_loc","default_value":false},{"type":"divider","size":5},{"type":"multiple_choice","id":"p3d_lang","title":"p3d_lang","callback":"p3dtext_language_callback","items":["P3D_Eng","P3D_Rus","P3D_Fre","P3D_Ger","P3D_Spa","P3D_Por","P3D_Znc","P3D_Dan"],"value":"P3D_language","default_value":1},{"type":"divider","size":25},{"type":"multiple_choice","id":"Unlockers","title":"","items":["Unlockers"],"value":"Unlockers","default_value":false},{"type":"divider","size":5},{"type":"toggle","id":"dlc","title":"dlc","callback":"settings_callback_toggle","value":"dlc","default_value":false},{"type":"toggle","id":"skin","title":"skin","callback":"settings_callback_toggle","value":"skin","default_value":false},{"type":"toggle","id":"skin_armor","title":"skin_armor","callback":"settings_callback_toggle","value":"skin_armor","default_value":false},{"type":"toggle","id":"specific_weapons_unlocker","title":"specific_weapons_unlocker","callback":"settings_callback_toggle","value":"specific_weapons_unlocker","default_value":false}]}